{
  "format:8": "2.0.0",
  "questDatabase:9": {
    "0:10": {
      "questID:3": 0,
      "preRequisites:11": [],
      "properties:10": {
        "betterquesting:10": {
          "snd_complete:8": "minecraft:entity.player.levelup",
          "taskLogic:8": "AND",
          "visibility:8": "NORMAL",
          "isMain:1": 0,
          "simultaneous:1": 0,
          "icon:10": {
            "id:8": "minecraft:nether_star",
            "Count:3": 1,
            "Damage:2": 0,
            "OreDict:8": ""
          },
          "snd_update:8": "minecraft:entity.player.levelup",
          "repeatTime:3": -1,
          "globalShare:1": 0,
          "questLogic:8": "AND",
          "repeat_relative:1": 1,
          "name:8": "New Quest",
          "lockedProgress:1": 0,
          "autoClaim:1": 0,
          "isSilent:1": 0,
          "desc:8": "No Description"
        }
      },
      "tasks:9": {},
      "rewards:9": {}
    },
    "1:10": {
      "questID:3": 1,
      "preRequisites:11": [],
      "properties:10": {
        "betterquesting:10": {
          "snd_complete:8": "minecraft:entity.player.levelup",
          "taskLogic:8": "AND",
          "visibility:8": "NORMAL",
          "isMain:1": 0,
          "simultaneous:1": 0,
          "icon:10": {
            "id:8": "minecraft:nether_star",
            "Count:3": 1,
            "Damage:2": 0,
            "OreDict:8": ""
          },
          "snd_update:8": "minecraft:entity.player.levelup",
          "repeatTime:3": -1,
          "globalShare:1": 0,
          "questLogic:8": "AND",
          "repeat_relative:1": 1,
          "name:8": "New Quest",
          "lockedProgress:1": 0,
          "autoClaim:1": 0,
          "isSilent:1": 0,
          "desc:8": "No Description"
        }
      },
      "tasks:9": {},
      "rewards:9": {}
    },
    "2:10": {
      "questID:3": 2,
      "preRequisites:11": [],
      "properties:10": {
        "betterquesting:10": {
          "snd_complete:8": "minecraft:entity.player.levelup",
          "taskLogic:8": "AND",
          "visibility:8": "NORMAL",
          "isMain:1": 0,
          "simultaneous:1": 0,
          "icon:10": {
            "id:8": "minecraft:sapling",
            "Count:3": 1,
            "Damage:2": 0,
            "OreDict:8": ""
          },
          "snd_update:8": "minecraft:entity.player.levelup",
          "repeatTime:3": -1,
          "globalShare:1": 0,
          "questLogic:8": "AND",
          "repeat_relative:1": 1,
          "name:8": "Starting your adventure!",
          "lockedProgress:1": 0,
          "autoClaim:1": 0,
          "isSilent:1": 0,
          "desc:8": "This first quest, will teach you to gather basic materials such as Wood, Gravel, and Planks."
        }
      },
      "tasks:9": {
        "0:10": {
          "partialMatch:1": 1,
          "autoConsume:1": 0,
          "groupDetect:1": 0,
          "ignoreNBT:1": 0,
          "index:3": 0,
          "consume:1": 0,
          "requiredItems:9": {
            "0:10": {
              "id:8": "minecraft:log",
              "Count:3": 16,
              "Damage:2": 32767,
              "OreDict:8": "logWood"
            },
            "1:10": {
              "id:8": "minecraft:gravel",
              "Count:3": 12,
              "Damage:2": 0,
              "OreDict:8": ""
            }
          },
          "taskID:8": "bq_standard:retrieval"
        }
      },
      "rewards:9": {
        "0:10": {
          "rewardID:8": "bq_standard:item",
          "index:3": 0,
          "rewards:9": {
            "0:10": {
              "id:8": "minecraft:flint",
              "Count:3": 4,
              "Damage:2": 0,
              "OreDict:8": ""
            }
          }
        }
      }
    },
    "3:10": {
      "questID:3": 3,
      "preRequisites:11": [
        2
      ],
      "properties:10": {
        "betterquesting:10": {
          "snd_complete:8": "minecraft:entity.player.levelup",
          "taskLogic:8": "AND",
          "visibility:8": "NORMAL",
          "isMain:1": 0,
          "simultaneous:1": 0,
          "icon:10": {
            "id:8": "TConstruct:CraftingStation",
            "Count:3": 1,
            "Damage:2": 0,
            "OreDict:8": ""
          },
          "snd_update:8": "minecraft:entity.player.levelup",
          "repeatTime:3": -1,
          "globalShare:1": 0,
          "questLogic:8": "AND",
          "repeat_relative:1": 1,
          "name:8": "Creating your first tools!",
          "lockedProgress:1": 0,
          "autoClaim:1": 0,
          "isSilent:1": 0,
          "desc:8": "This quest will teach you how to make the basic tinkers workstations."
        }
      },
      "tasks:9": {
        "0:10": {
          "partialMatch:1": 1,
          "allowSmelt:1": 1,
          "ignoreNBT:1": 0,
          "index:3": 0,
          "allowCraft:1": 1,
          "allowAnvil:1": 0,
          "requiredItems:9": {
            "0:10": {
              "id:8": "TConstruct:ToolStationBlock",
              "Count:3": 1,
              "Damage:2": 0,
              "OreDict:8": ""
            }
          },
          "taskID:8": "bq_standard:crafting"
        },
        "1:10": {
          "partialMatch:1": 1,
          "allowSmelt:1": 1,
          "ignoreNBT:1": 0,
          "index:3": 1,
          "allowCraft:1": 1,
          "allowAnvil:1": 0,
          "requiredItems:9": {
            "0:10": {
              "id:8": "TConstruct:ToolStationBlock",
              "Count:3": 1,
              "Damage:2": 1,
              "OreDict:8": ""
            }
          },
          "taskID:8": "bq_standard:crafting"
        },
        "2:10": {
          "partialMatch:1": 1,
          "allowSmelt:1": 1,
          "ignoreNBT:1": 0,
          "index:3": 2,
          "allowCraft:1": 1,
          "allowAnvil:1": 0,
          "requiredItems:9": {
            "0:10": {
              "id:8": "TConstruct:ToolStationBlock",
              "Count:3": 1,
              "Damage:2": 10,
              "OreDict:8": ""
            }
          },
          "taskID:8": "bq_standard:crafting"
        },
        "3:10": {
          "partialMatch:1": 1,
          "allowSmelt:1": 1,
          "ignoreNBT:1": 0,
          "index:3": 3,
          "allowCraft:1": 1,
          "allowAnvil:1": 0,
          "requiredItems:9": {
            "0:10": {
              "id:8": "TConstruct:ToolStationBlock",
              "Count:3": 1,
              "Damage:2": 5,
              "OreDict:8": ""
            }
          },
          "taskID:8": "bq_standard:crafting"
        },
        "4:10": {
          "partialMatch:1": 1,
          "allowSmelt:1": 1,
          "ignoreNBT:1": 0,
          "index:3": 4,
          "allowCraft:1": 1,
          "allowAnvil:1": 0,
          "requiredItems:9": {
            "0:10": {
              "id:8": "TConstruct:CraftingStation",
              "Count:3": 1,
              "Damage:2": 0,
              "OreDict:8": ""
            }
          },
          "taskID:8": "bq_standard:crafting"
        }
      },
      "rewards:9": {
        "0:10": {
          "rewardID:8": "bq_standard:choice",
          "index:3": 0,
          "choices:9": {
            "0:10": {
              "id:8": "minecraft:bone",
              "Count:3": 4,
              "Damage:2": 0,
              "OreDict:8": ""
            },
            "1:10": {
              "id:8": "minecraft:feather",
              "Count:3": 4,
              "Damage:2": 0,
              "OreDict:8": ""
            },
            "2:10": {
              "id:8": "minecraft:string",
              "Count:3": 4,
              "Damage:2": 0,
              "OreDict:8": ""
            }
          }
        }
      }
    },
    "4:10": {
      "questID:3": 4,
      "preRequisites:11": [
        3
      ],
      "properties:10": {
        "betterquesting:10": {
          "snd_complete:8": "minecraft:entity.player.levelup",
          "taskLogic:8": "AND",
          "visibility:8": "NORMAL",
          "isMain:1": 0,
          "simultaneous:1": 0,
          "icon:10": {
            "id:8": "TConstruct:ShortBow",
            "Count:3": 1,
            "tag:10": {
              "InfiTool:10": {
                "BaseDurability:3": 60,
                "BaseAttack:3": 2,
                "DrawSpeed:3": 16,
                "ToolEXP:4": 0,
                "Built:1": 1,
                "HarvestLevel:3": 0,
                "RenderHead:3": 0,
                "ModDurability:5": 0.0,
                "Shoddy:5": 0.0,
                "RenderHandle:3": 0,
                "Accessory:3": 0,
                "MiningSpeed:3": 150,
                "Unbreaking:3": 0,
                "Damage:3": 0,
                "HarvestLevel2:3": 0,
                "BonusDurability:3": 0,
                "TotalDurability:3": 60,
                "MiningSpeed2:3": 150,
                "BaseDrawSpeed:3": 16,
                "Head:3": 0,
                "Attack:3": 2,
                "Handle:3": 0,
                "Broken:1": 0,
                "RenderAccessory:3": 0,
                "FlightSpeed:5": 3.0,
                "ToolLevel:3": 1,
                "Modifiers:3": 0
              },
              "display:10": {
                "Name:8": "§fWooden Shortbow"
              }
            },
            "Damage:2": 0,
            "OreDict:8": ""
          },
          "snd_update:8": "minecraft:entity.player.levelup",
          "repeatTime:3": -1,
          "globalShare:1": 0,
          "questLogic:8": "AND",
          "repeat_relative:1": 1,
          "name:8": "First Long Distance Weapon.",
          "lockedProgress:1": 0,
          "autoClaim:1": 0,
          "isSilent:1": 0,
          "desc:8": "This quest will guide you through the steps of making a bow!"
        }
      },
      "tasks:9": {
        "0:10": {
          "partialMatch:1": 1,
          "autoConsume:1": 0,
          "groupDetect:1": 0,
          "ignoreNBT:1": 0,
          "index:3": 0,
          "consume:1": 1,
          "requiredItems:9": {
            "0:10": {
              "id:8": "minecraft:bone",
              "Count:3": 1,
              "Damage:2": 0,
              "OreDict:8": ""
            },
            "1:10": {
              "id:8": "minecraft:string",
              "Count:3": 3,
              "Damage:2": 0,
              "OreDict:8": ""
            },
            "2:10": {
              "id:8": "minecraft:feather",
              "Count:3": 1,
              "Damage:2": 0,
              "OreDict:8": ""
            },
            "3:10": {
              "id:8": "minecraft:planks",
              "Count:3": 3,
              "Damage:2": 32767,
              "OreDict:8": "plankWood"
            },
            "4:10": {
              "id:8": "TConstruct:fletching",
              "Count:3": 1,
              "Damage:2": 0,
              "OreDict:8": ""
            },
            "5:10": {
              "id:8": "TConstruct:toolRod",
              "Count:3": 1,
              "Damage:2": 5,
              "OreDict:8": ""
            },
            "6:10": {
              "id:8": "TConstruct:arrowhead",
              "Count:3": 1,
              "Damage:2": 3,
              "OreDict:8": ""
            },
            "7:10": {
              "id:8": "TConstruct:BowLimbPart",
              "Count:3": 2,
              "Damage:2": 0,
              "OreDict:8": ""
            },
            "8:10": {
              "id:8": "TConstruct:bowstring",
              "Count:3": 1,
              "Damage:2": 0,
              "OreDict:8": ""
            },
            "9:10": {
              "id:8": "TConstruct:ShortBow",
              "Count:3": 1,
              "tag:10": {
                "InfiTool:10": {
                  "BaseDurability:3": 60,
                  "BaseAttack:3": 2,
                  "DrawSpeed:3": 16,
                  "ToolEXP:4": 0,
                  "Built:1": 1,
                  "HarvestLevel:3": 0,
                  "RenderHead:3": 0,
                  "ModDurability:5": 0.0,
                  "Shoddy:5": 0.0,
                  "RenderHandle:3": 0,
                  "Accessory:3": 0,
                  "MiningSpeed:3": 150,
                  "Unbreaking:3": 0,
                  "Damage:3": 0,
                  "HarvestLevel2:3": 0,
                  "BonusDurability:3": 0,
                  "TotalDurability:3": 60,
                  "MiningSpeed2:3": 150,
                  "BaseDrawSpeed:3": 16,
                  "Head:3": 0,
                  "Attack:3": 2,
                  "Handle:3": 0,
                  "Broken:1": 0,
                  "RenderAccessory:3": 0,
                  "FlightSpeed:5": 3.0,
                  "ToolLevel:3": 1,
                  "Modifiers:3": 0
                },
                "display:10": {
                  "Name:8": "§fWooden Shortbow"
                }
              },
              "Damage:2": 0,
              "OreDict:8": ""
            },
            "10:10": {
              "id:8": "TConstruct:ArrowAmmo",
              "Count:3": 1,
              "tag:10": {
                "InfiTool:10": {
                  "BreakChance:5": 0.2,
                  "BaseDurability:3": 121,
                  "BaseAttack:3": 2,
                  "ToolEXP:4": 0,
                  "Built:1": 1,
                  "HarvestLevel:3": 1,
                  "RenderHead:3": 3,
                  "ModDurability:5": 0.0,
                  "Shoddy:5": 0.0,
                  "RenderHandle:3": 0,
                  "Accuracy:5": 95.0,
                  "Accessory:3": 0,
                  "MiningSpeed:3": 400,
                  "Unbreaking:3": 0,
                  "Damage:3": 0,
                  "BonusDurability:3": 0,
                  "TotalDurability:3": 121,
                  "Head:3": 3,
                  "Attack:3": 2,
                  "Handle:3": 0,
                  "Broken:1": 0,
                  "Mass:5": 2.325,
                  "Ammo:3": 13,
                  "RenderAccessory:3": 0,
                  "ToolLevel:3": 1,
                  "Modifiers:3": 0
                },
                "display:10": {
                  "Name:8": "§fFlint Arrows"
                }
              },
              "Damage:2": 0,
              "OreDict:8": ""
            }
          },
          "taskID:8": "bq_standard:retrieval"
        }
      },
      "rewards:9": {
        "0:10": {
          "rewardID:8": "bq_standard:item",
          "index:3": 0,
          "rewards:9": {
            "0:10": {
              "id:8": "TConstruct:blankPattern",
              "Count:3": 2,
              "Damage:2": 0,
              "OreDict:8": ""
            },
            "1:10": {
              "id:8": "minecraft:sapling",
              "Count:3": 1,
              "Damage:2": 0,
              "OreDict:8": ""
            }
          }
        }
      }
    },
    "5:10": {
      "questID:3": 5,
      "preRequisites:11": [
        3
      ],
      "properties:10": {
        "betterquesting:10": {
          "snd_complete:8": "minecraft:entity.player.levelup",
          "taskLogic:8": "AND",
          "visibility:8": "NORMAL",
          "isMain:1": 0,
          "simultaneous:1": 0,
          "icon:10": {
            "id:8": "TConstruct:pickaxe",
            "Count:3": 1,
            "tag:10": {
              "InfiTool:10": {
                "BaseDurability:3": 121,
                "Head:3": 3,
                "HeadEXP:4": 0,
                "BaseAttack:3": 3,
                "ToolEXP:4": 0,
                "HarvestLevel:3": 0,
                "Attack:3": 3,
                "RenderHead:3": 3,
                "ModDurability:5": 0.0,
                "Handle:3": 0,
                "Broken:1": 0,
                "Shoddy:5": 0.0,
                "RenderHandle:3": 0,
                "Accessory:3": 0,
                "MiningSpeed:3": 400,
                "RenderAccessory:3": 0,
                "ToolLevel:3": 1,
                "HarvestLevelModified:1": 0,
                "Unbreaking:3": 0,
                "Damage:3": 0,
                "BonusDurability:3": 0,
                "TotalDurability:3": 121,
                "Modifiers:3": 0
              },
              "display:10": {
                "Name:8": "§fFlint Pickaxe"
              }
            },
            "Damage:2": 0,
            "OreDict:8": ""
          },
          "snd_update:8": "minecraft:entity.player.levelup",
          "repeatTime:3": -1,
          "globalShare:1": 0,
          "questLogic:8": "AND",
          "repeat_relative:1": 1,
          "name:8": "Making your first tools.",
          "lockedProgress:1": 0,
          "autoClaim:1": 0,
          "isSilent:1": 0,
          "desc:8": "Here you will be able to make your first tools!"
        }
      },
      "tasks:9": {
        "0:10": {
          "partialMatch:1": 1,
          "autoConsume:1": 0,
          "groupDetect:1": 0,
          "ignoreNBT:1": 0,
          "index:3": 0,
          "consume:1": 1,
          "requiredItems:9": {
            "0:10": {
              "id:8": "TConstruct:blankPattern",
              "Count:3": 4,
              "Damage:2": 0,
              "OreDict:8": ""
            },
            "1:10": {
              "id:8": "TConstruct:woodPattern",
              "Count:3": 1,
              "Damage:2": 2,
              "OreDict:8": ""
            },
            "2:10": {
              "id:8": "TConstruct:woodPattern",
              "Count:3": 1,
              "Damage:2": 4,
              "OreDict:8": ""
            },
            "3:10": {
              "id:8": "TConstruct:woodPattern",
              "Count:3": 1,
              "Damage:2": 3,
              "OreDict:8": ""
            },
            "4:10": {
              "id:8": "TConstruct:woodPattern",
              "Count:3": 1,
              "Damage:2": 9,
              "OreDict:8": ""
            },
            "5:10": {
              "id:8": "minecraft:flint",
              "Count:3": 3,
              "Damage:2": 0,
              "OreDict:8": ""
            },
            "6:10": {
              "id:8": "minecraft:planks",
              "Count:3": 1,
              "Damage:2": 0,
              "OreDict:8": "plankWood"
            },
            "7:10": {
              "id:8": "TConstruct:pickaxeHead",
              "Count:3": 1,
              "Damage:2": 3,
              "OreDict:8": ""
            },
            "8:10": {
              "id:8": "TConstruct:hatchetHead",
              "Count:3": 1,
              "Damage:2": 3,
              "OreDict:8": ""
            },
            "9:10": {
              "id:8": "TConstruct:shovelHead",
              "Count:3": 1,
              "Damage:2": 3,
              "OreDict:8": ""
            },
            "10:10": {
              "id:8": "TConstruct:binding",
              "Count:3": 1,
              "Damage:2": 0,
              "OreDict:8": ""
            },
            "11:10": {
              "id:8": "minecraft:stick",
              "Count:3": 3,
              "Damage:2": 0,
              "OreDict:8": ""
            },
            "12:10": {
              "id:8": "TConstruct:pickaxe",
              "Count:3": 1,
              "tag:10": {
                "InfiTool:10": {
                  "BaseDurability:3": 121,
                  "Head:3": 3,
                  "HeadEXP:4": 0,
                  "BaseAttack:3": 3,
                  "ToolEXP:4": 0,
                  "HarvestLevel:3": 0,
                  "Attack:3": 3,
                  "RenderHead:3": 3,
                  "ModDurability:5": 0.0,
                  "Handle:3": 0,
                  "Broken:1": 0,
                  "Shoddy:5": 0.0,
                  "RenderHandle:3": 0,
                  "Accessory:3": 0,
                  "MiningSpeed:3": 400,
                  "RenderAccessory:3": 0,
                  "ToolLevel:3": 1,
                  "HarvestLevelModified:1": 0,
                  "Unbreaking:3": 0,
                  "Damage:3": 0,
                  "BonusDurability:3": 0,
                  "TotalDurability:3": 121,
                  "Modifiers:3": 0
                },
                "display:10": {
                  "Name:8": "§fFlint Pickaxe"
                }
              },
              "Damage:2": 0,
              "OreDict:8": ""
            },
            "13:10": {
              "id:8": "TConstruct:hatchet",
              "Count:3": 1,
              "tag:10": {
                "InfiTool:10": {
                  "BaseDurability:3": 121,
                  "Head:3": 3,
                  "BaseAttack:3": 5,
                  "ToolEXP:4": 0,
                  "HarvestLevel:3": 1,
                  "Attack:3": 5,
                  "RenderHead:3": 3,
                  "ModDurability:5": 0.0,
                  "Handle:3": 0,
                  "Broken:1": 0,
                  "Shoddy:5": 0.0,
                  "RenderHandle:3": 0,
                  "MiningSpeed:3": 400,
                  "ToolLevel:3": 1,
                  "Unbreaking:3": 0,
                  "Damage:3": 0,
                  "BonusDurability:3": 0,
                  "TotalDurability:3": 121,
                  "Modifiers:3": 0
                },
                "display:10": {
                  "Name:8": "§fFlint Hatchet"
                }
              },
              "Damage:2": 0,
              "OreDict:8": ""
            },
            "14:10": {
              "id:8": "TConstruct:shovel",
              "Count:3": 1,
              "tag:10": {
                "InfiTool:10": {
                  "BaseDurability:3": 121,
                  "Head:3": 3,
                  "BaseAttack:3": 4,
                  "ToolEXP:4": 0,
                  "HarvestLevel:3": 1,
                  "Attack:3": 4,
                  "RenderHead:3": 3,
                  "ModDurability:5": 0.0,
                  "Handle:3": 0,
                  "Broken:1": 0,
                  "Shoddy:5": 0.0,
                  "RenderHandle:3": 0,
                  "MiningSpeed:3": 400,
                  "ToolLevel:3": 1,
                  "Unbreaking:3": 0,
                  "Damage:3": 0,
                  "BonusDurability:3": 0,
                  "TotalDurability:3": 121,
                  "Modifiers:3": 0
                },
                "display:10": {
                  "Name:8": "§fFlint Shovel"
                }
              },
              "Damage:2": 0,
              "OreDict:8": ""
            }
          },
          "taskID:8": "bq_standard:retrieval"
        }
      },
      "rewards:9": {}
    },
    "6:10": {
      "questID:3": 6,
      "preRequisites:11": [
        5
      ],
      "properties:10": {
        "betterquesting:10": {
          "snd_complete:8": "minecraft:entity.player.levelup",
          "taskLogic:8": "AND",
          "visibility:8": "NORMAL",
          "isMain:1": 0,
          "simultaneous:1": 0,
          "icon:10": {
            "id:8": "minecraft:sand",
            "Count:3": 1,
            "Damage:2": 0,
            "OreDict:8": ""
          },
          "snd_update:8": "minecraft:entity.player.levelup",
          "repeatTime:3": -1,
          "globalShare:1": 0,
          "questLogic:8": "AND",
          "repeat_relative:1": 1,
          "name:8": "A quest for materials!",
          "lockedProgress:1": 0,
          "autoClaim:1": 0,
          "isSilent:1": 0,
          "desc:8": "With your newly crafted Tinkers Tools, you can now gather up some useful materials such as Clay, Sand, Wood and Cobblestone, with their respective tools PS - the material amount we have tasked you with getting is only enough for the singular Coke Oven, if you would like to make more, use these numbers as a guide to see how many you need to craft for multiple Coke Ovens"
        }
      },
      "tasks:9": {
        "0:10": {
          "partialMatch:1": 1,
          "autoConsume:1": 0,
          "groupDetect:1": 0,
          "ignoreNBT:1": 0,
          "index:3": 0,
          "consume:1": 1,
          "requiredItems:9": {
            "0:10": {
              "id:8": "minecraft:sand",
              "Count:3": 130,
              "Damage:2": 0,
              "OreDict:8": "sand"
            },
            "1:10": {
              "id:8": "minecraft:clay_ball",
              "Count:3": 104,
              "Damage:2": 0,
              "OreDict:8": ""
            }
          },
          "taskID:8": "bq_standard:retrieval"
        }
      },
      "rewards:9": {
        "0:10": {
          "rewardID:8": "bq_standard:choice",
          "index:3": 0,
          "choices:9": {
            "0:10": {
              "id:8": "minecraft:coal",
              "Count:3": 16,
              "Damage:2": 1,
              "OreDict:8": ""
            },
            "1:10": {
              "id:8": "minecraft:sand",
              "Count:3": 64,
              "Damage:2": 0,
              "OreDict:8": ""
            },
            "2:10": {
              "id:8": "minecraft:clay_ball",
              "Count:3": 64,
              "Damage:2": 0,
              "OreDict:8": ""
            }
          }
        },
        "1:10": {
          "amount:3": 0,
          "rewardID:8": "bq_standard:xp",
          "isLevels:1": 1,
          "index:3": 1
        }
      }
    },
    "7:10": {
      "questID:3": 7,
      "preRequisites:11": [
        6
      ],
      "properties:10": {
        "betterquesting:10": {
          "snd_complete:8": "minecraft:entity.player.levelup",
          "taskLogic:8": "AND",
          "visibility:8": "NORMAL",
          "isMain:1": 1,
          "simultaneous:1": 0,
          "icon:10": {
            "id:8": "Railcraft:machine.alpha",
            "Count:3": 1,
            "Damage:2": 7,
            "OreDict:8": ""
          },
          "snd_update:8": "minecraft:entity.player.levelup",
          "repeatTime:3": -1,
          "globalShare:1": 0,
          "questLogic:8": "AND",
          "repeat_relative:1": 1,
          "name:8": "Your First Coke Oven!",
          "lockedProgress:1": 0,
          "autoClaim:1": 0,
          "isSilent:1": 0,
          "desc:8": "Congratulations, you have completed your first early main goal of this modpack, and that is to make the coke oven, with your materials you collected earlier. PS - This Coke Oven is mainly used at the start of the game for making charcoal, however once you have a decent supply of coal, you can then use that coal to make Coal Coke, which is a significantly better alternative fuel. (i expect this will be done in the future however)"
        }
      },
      "tasks:9": {
        "0:10": {
          "partialMatch:1": 1,
          "allowSmelt:1": 1,
          "ignoreNBT:1": 0,
          "index:3": 0,
          "allowCraft:1": 1,
          "allowAnvil:1": 0,
          "requiredItems:9": {
            "0:10": {
              "id:8": "Railcraft:machine.alpha",
              "Count:3": 26,
              "Damage:2": 7,
              "OreDict:8": ""
            }
          },
          "taskID:8": "bq_standard:crafting"
        }
      },
      "rewards:9": {
        "0:10": {
          "rewardID:8": "bq_standard:item",
          "index:3": 0,
          "rewards:9": {
            "0:10": {
              "id:8": "Railcraft:fuel.coke",
              "Count:3": 12,
              "Damage:2": 0,
              "OreDict:8": ""
            }
          }
        },
        "1:10": {
          "rewardID:8": "bq_standard:choice",
          "index:3": 1,
          "choices:9": {
            "0:10": {
              "id:8": "harvestcraft:chocolatecaramelfudgeItem",
              "Count:3": 4,
              "Damage:2": 0,
              "OreDict:8": ""
            },
            "1:10": {
              "id:8": "harvestcraft:fishtacoItem",
              "Count:3": 4,
              "Damage:2": 0,
              "OreDict:8": ""
            }
          }
        }
      }
    }
  },
  "questLines:9": {
    "0:10": {
      "quests:9": {
        "0:10": {
          "sizeX:3": 24,
          "x:3": -12,
          "y:3": -12,
          "id:3": 2,
          "sizeY:3": 24
        },
        "1:10": {
          "sizeX:3": 16,
          "x:3": 20,
          "y:3": -8,
          "id:3": 3,
          "sizeY:3": 16
        },
        "2:10": {
          "sizeX:3": 16,
          "x:3": 20,
          "y:3": 16,
          "id:3": 4,
          "sizeY:3": 16
        },
        "3:10": {
          "sizeX:3": 16,
          "x:3": 44,
          "y:3": -8,
          "id:3": 5,
          "sizeY:3": 16
        },
        "4:10": {
          "sizeX:3": 16,
          "x:3": 68,
          "y:3": -8,
          "id:3": 6,
          "sizeY:3": 16
        },
        "5:10": {
          "sizeX:3": 32,
          "x:3": 60,
          "y:3": -56,
          "id:3": 7,
          "sizeY:3": 32
        }
      },
      "lineID:3": 0,
      "properties:10": {
        "betterquesting:10": {
          "visibility:8": "NORMAL",
          "name:8": "Stone Age.",
          "icon:10": {
            "id:8": "minecraft:stone_axe",
            "Count:3": 1,
            "Damage:2": 0,
            "OreDict:8": ""
          },
          "bg_image:8": "",
          "bg_size:3": 256,
          "desc:8": "§n§n§n§n§n§r§r§6§2§0§1§5§4§8§a§b§c§d§e§k§k§f§l§l§o§o§l§l§n§n§o§rIn this Chapter you will learn how to make your first tools, and Advance in technology."
        }
      },
      "order:3": 0
    }
  },
  "questSettings:10": {
    "betterquesting:10": {
      "livesMax:3": 10,
      "pack_name:8": "",
      "home_anchor_y:5": 0.0,
      "livesDef:3": 3,
      "home_anchor_x:5": 0.5,
      "hardcore:1": 0,
      "home_image:8": "betterquesting:textures/gui/default_title.png",
      "party_enable:1": 1,
      "pack_version:3": 0,
      "editMode:1": 1,
      "home_offset_x:3": -128,
      "home_offset_y:3": 0
    }
  }
}